Unnamed: 0.1,Unnamed: 0,rating,is_recommended,helpfulness,total_feedback_count,total_neg_feedback_count,total_pos_feedback_count,submission_time,review_text,review_title,skin_tone,eye_color,skin_type,hair_color,product_id,product_name,brand_name,price_usd,generated_email
1,1,1,0.0,,0,0,0,2023-03-21,i bought this lip mask after reading the reviews and the hype unfortunately it did not meet my expectations as vaseline petroleum jelly works way better for me,Disappointed,,,,,P420652,Lip Sleeping Mask Intense Hydration with Vitamin C,LANEIGE,24.0,"Subject: We're sorry to hear about your experience with our Lip Sleeping Mask

Dear [Customer Name],

Thank you for taking the time to share your feedback regarding your recent purchase of our **Lip Sleeping Mask Intense Hydration with Vitamin C**. We truly appreciate you giving our product a try.

I am so sorry to hear that the lip mask did not meet your expectations, especially after all the hype and positive reviews you had read. We completely understand how disappointing it is when a product doesn't deliver the results you were hoping for, particularly when a simple staple like petroleum jelly works better for your needs. 

Since skin and lip chemistry can vary greatly from person to person, we know that not every product will be a perfect fit for everyone. That said, your satisfaction is extremely important to us, and we want to make things right. 

I would be happy to process a full refund for your purchase, or if you prefer, help you find an alternative product from our line that might suit you better. Please reply to this email with your order number or purchase details, and I will take care of this for you right away.

Thank you again for your honest feedback—it helps us continuously improve. 

Warm regards,

[Your Name]  
Customer Support Representative  
[Company Name]"
6,6,2,0.0,0.25,8,6,2,2023-03-19,ill give this stars for nice packaging and lovely scent upon initial application it feels very nice but as i continued to use it i noticed i was getting more and more blackheadsclogged pores and pimples around my lips i thought it was my aquaphor but its this it also makes my lips even more dry than they initially were disappointing around my,Dried my lips out and clogged my pores,light,blue,combination,brown,P420652,Lip Sleeping Mask Intense Hydration with Vitamin C,LANEIGE,24.0,"Subject: We're sorry to hear about your experience with our Lip Sleeping Mask

Dear [Customer Name],

Thank you for taking the time to leave us your feedback regarding your recent purchase of our Lip Sleeping Mask Intense Hydration with Vitamin C. We truly appreciate you mentioning that you enjoyed the packaging and the lovely scent.

However, I am sincerely sorry to hear about your experience with the product. We always aim to provide deeply hydrating skincare solutions, so it is very disappointing to learn that the mask caused increased dryness as well as clogged pores and breakouts around your lips. We understand how frustrating this must be, especially when you were expecting intense hydration.

Because everyone's skin is unique, certain ingredients can sometimes cause unexpected reactions. Your satisfaction and well-being are our top priorities, and we would love the opportunity to make this right for you. 

Please reply directly to this email with your order number or purchase details, and I will be more than happy to issue a full refund or assist you with an exchange for a product better suited to your skin.

Thank you again for bringing this to our attention, as your feedback helps us continuously improve. We look forward to resolving this for you soon.

Warm regards,

[Your Name]  
Customer Care Team  
[Company/Brand Name]"
13,13,1,0.0,0.4444440007209778,9,5,4,2023-03-17,honestly i was so excited when i got this in the mail but unfortunately it is not worth the hype i have boughten two of these full size and i went through them so quickly the ingredients are not very clean and this product made my lips so dry i wanted to like this product so bad as its so cute and smells nice but unfortunately it is a hard pass for me i will be sticking to my vaseline and aquaphor for now,I WISHED I LOVED THIS (not clean ingredients),,brown,dry,,P420652,Lip Sleeping Mask Intense Hydration with Vitamin C,LANEIGE,24.0,"Subject: We’re so sorry to hear about your experience – Lip Sleeping Mask

Dear [Customer Name],

Thank you for taking the time to share your honest feedback regarding our Lip Sleeping Mask Intense Hydration with Vitamin C. 

I am truly sorry to hear that your experience fell short of your expectations. We know how exciting it is to try a new product—especially one you were looking forward to—so it is disappointing to learn that it left your lips feeling dry rather than hydrated, and that you went through the jars so quickly. 

We also deeply appreciate your feedback regarding our ingredients. We strive to create products that our customers can use with confidence, and hearing your thoughts on clean formulations is extremely valuable to our team as we continuously work to improve. 

Since you purchased two full-sized jars and were not satisfied with the results, we would love the opportunity to make things right. Please reply to this email with your order number or purchase details, and our team will be happy to assist you with a refund or help process a return. If you'd like, we can also recommend alternative products from our line that better align with your preference for clean ingredients and intense moisture.

Thank you again for reaching out and helping us do better. We wish you the very best and hope to have the chance to restore your confidence in us in the future.

Warm regards,

[Your Name]  
Customer Care Team  
[Company Name]"
